,Country,Year,Index,Rank,Crime Rate,Hip hop/Rap/R&b,EDM,Pop,Rock/Metal,Latin/Reggaeton,Other,Average_Day_Length
0,ARGENTINA,2013,6.562,29.0,7.247288159,59,0,29,0,32,8,12:09:26
2,ARGENTINA,2014,,,7.537819838,59,0,29,0,32,8,12:09:27
4,ARGENTINA,2015,6.574,30.0,6.558466154,59,0,29,0,32,8,12:09:27
6,ARGENTINA,2016,6.65,26.0,6.011233587,59,0,29,0,32,8,12:09:38
8,ARGENTINA,2017,6.599,24.0,5.259380765,59,0,29,0,32,8,12:09:27
10,ARGENTINA,2018,6.388,29.0,5.367725685,59,0,29,0,32,8,12:09:27
12,ARGENTINA,2019,6.086,47.0,5.155823421,59,0,29,0,32,8,12:09:27
14,ARGENTINA,2020,5.975,55.0,5.366813844,59,0,29,0,32,8,12:09:38
16,ARGENTINA,2021,5.929,57.0,4.622678556,59,0,29,0,32,8,12:09:27
18,ARGENTINA,2022,5.967,57.0,,59,0,29,0,32,8,12:09:27
20,AUSTRALIA,2013,7.35,10.0,1.060065404,31,15,65,17,0,8,12:09:30
21,AUSTRALIA,2014,,,1.035382845,31,15,65,17,0,8,12:09:31
22,AUSTRALIA,2015,7.284,10.0,0.990754227,31,15,65,17,0,8,12:09:31
23,AUSTRALIA,2016,7.313,9.0,0.938183173,31,15,65,17,0,8,12:09:42
24,AUSTRALIA,2017,7.284,9.0,0.845860834,31,15,65,17,0,8,12:09:30
25,AUSTRALIA,2018,7.272,10.0,0.884735038,31,15,65,17,0,8,12:09:31
26,AUSTRALIA,2019,7.228,11.0,0.887322994,31,15,65,17,0,8,12:09:31
27,AUSTRALIA,2020,7.223,12.0,0.860925459,31,15,65,17,0,8,12:09:42
28,AUSTRALIA,2021,7.183,11.0,0.744567483,31,15,65,17,0,8,12:09:31
29,AUSTRALIA,2022,7.162,12.0,,31,15,65,17,0,8,12:09:31
30,AUSTRIA,2013,7.369,8.0,0.71937873,28,17,28,6,2,12,12:17:56
31,AUSTRIA,2014,,,0.491454225,28,17,28,6,2,12,12:17:56
32,AUSTRIA,2015,7.2,13.0,0.509116601,28,17,28,6,2,12,12:17:56
33,AUSTRIA,2016,7.119,12.0,0.618097447,28,17,28,6,2,12,12:17:37
34,AUSTRIA,2017,7.006,13.0,0.795680953,28,17,28,6,2,12,12:17:56
35,AUSTRIA,2018,7.139,12.0,0.972794281,28,17,28,6,2,12,12:17:56
36,AUSTRIA,2019,7.246,10.0,0.867123025,28,17,28,6,2,12,12:17:56
37,AUSTRIA,2020,7.294,9.0,0.729699453,28,17,28,6,2,12,12:17:37
38,AUSTRIA,2021,7.268,10.0,0.728529507,28,17,28,6,2,12,12:17:56
39,AUSTRIA,2022,7.163,11.0,,28,17,28,6,2,12,12:17:56
40,BOLIVIA,2013,5.857,50.0,,51,0,29,2,72,8,12:08:46
41,BOLIVIA,2014,,,,51,0,29,2,72,8,12:08:46
42,BOLIVIA,2015,5.89,51.0,4.896265227,51,0,29,2,72,8,12:08:46
43,BOLIVIA,2016,5.822,59.0,5.700072063,51,0,29,2,72,8,12:08:51
44,BOLIVIA,2017,5.823,58.0,6.532270663,51,0,29,2,72,8,12:08:47
45,BOLIVIA,2018,5.752,62.0,4.94533211,51,0,29,2,72,8,12:08:47
46,BOLIVIA,2019,5.779,61.0,4.219977313,51,0,29,2,72,8,12:08:47
47,BOLIVIA,2020,5.747,65.0,3.493585291,51,0,29,2,72,8,12:08:51
48,BOLIVIA,2021,5.716,69.0,3.493530181,51,0,29,2,72,8,12:08:47
49,BOLIVIA,2022,5.6,71.0,,51,0,29,2,72,8,12:08:46
50,BRAZIL,2013,6.849,24.0,28.17990386,9,0,20,2,0,78,12:08:47
51,BRAZIL,2014,,,29.35864672,9,0,20,2,0,78,12:08:47
52,BRAZIL,2015,6.983,16.0,28.35640577,9,0,20,2,0,78,12:08:46
53,BRAZIL,2016,6.952,17.0,29.58915444,9,0,20,2,0,78,12:08:51
54,BRAZIL,2017,6.635,22.0,30.59303721,9,0,20,2,0,78,12:08:46
55,BRAZIL,2018,6.419,28.0,26.63601257,9,0,20,2,0,78,12:08:47
56,BRAZIL,2019,6.3,32.0,20.8104642,9,0,20,2,0,78,12:08:46
57,BRAZIL,2020,6.376,32.0,22.3840654,9,0,20,2,0,78,12:08:51
58,BRAZIL,2021,6.33,35.0,,9,0,20,2,0,78,12:08:47
59,BRAZIL,2022,6.293,38.0,,9,0,20,2,0,78,12:08:47
60,BULGARIA,2013,3.981,144.0,1.46679509,30,7,52,17,0,20,12:15:40
61,BULGARIA,2014,,,1.519232912,30,7,52,17,0,20,12:15:40
62,BULGARIA,2015,4.218,134.0,1.72384225,30,7,52,17,0,20,12:15:40
63,BULGARIA,2016,4.217,129.0,1.09026053,30,7,52,17,0,20,12:15:25
64,BULGARIA,2017,4.714,105.0,1.434055348,30,7,52,17,0,20,12:15:40
65,BULGARIA,2018,4.933,100.0,1.292601312,30,7,52,17,0,20,12:15:40
66,BULGARIA,2019,5.011,97.0,1.176882289,30,7,52,17,0,20,12:15:40
67,BULGARIA,2020,5.102,96.0,0.988655607,30,7,52,17,0,20,12:15:25
68,BULGARIA,2021,5.266,88.0,1.277979862,30,7,52,17,0,20,12:15:40
69,BULGARIA,2022,5.371,85.0,,30,7,52,17,0,20,12:15:40
70,CANADA,2013,7.477,6.0,1.451644095,39,12,64,14,0,10,12:16:42
71,CANADA,2014,,,1.482857825,39,12,64,14,0,10,12:16:42
72,CANADA,2015,7.427,5.0,1.709945834,39,12,64,14,0,10,12:16:42
73,CANADA,2016,7.404,6.0,1.705731802,39,12,64,14,0,10,12:16:25
74,CANADA,2017,7.316,7.0,1.819209056,39,12,64,14,0,10,12:16:42
75,CANADA,2018,7.328,7.0,1.787486053,39,12,64,14,0,10,12:16:42
76,CANADA,2019,7.278,9.0,1.836227459,39,12,64,14,0,10,12:16:42
77,CANADA,2020,7.232,11.0,2.003235529,39,12,64,14,0,10,12:16:25
78,CANADA,2021,7.103,14.0,2.065259474,39,12,64,14,0,10,12:16:42
79,CANADA,2022,7.025,15.0,,39,12,64,14,0,10,12:16:42
80,CHILE,2013,6.587,28.0,3.175342075,46,0,14,0,46,31,12:09:21
81,CHILE,2014,,,2.476379971,46,0,14,0,46,31,12:09:21
82,CHILE,2015,6.67,27.0,2.344695538,46,0,14,0,46,31,12:09:21
83,CHILE,2016,6.705,24.0,3.428467879,46,0,14,0,46,31,12:09:32
84,CHILE,2017,6.652,20.0,4.240938207,46,0,14,0,46,31,12:09:21
85,CHILE,2018,6.476,25.0,4.411422526,46,0,14,0,46,31,12:09:21
86,CHILE,2019,6.444,26.0,3.944434318,46,0,14,0,46,31,12:09:21
87,CHILE,2020,6.228,39.0,4.797849279,46,0,14,0,46,31,12:09:32
88,CHILE,2021,6.172,43.0,3.632038675,46,0,14,0,46,31,12:09:21
89,CHILE,2022,6.172,44.0,,46,0,14,0,46,31,12:09:21
90,CHINA,2013,4.978,93.0,0.773199449,11,23,108,4,0,21,12:14:46
91,CHINA,2014,,,0.727914756,11,23,108,4,0,21,12:14:45
92,CHINA,2015,5.14,84.0,0.66010605,11,23,108,4,0,21,12:14:45
93,CHINA,2016,5.245,83.0,0.615882984,11,23,108,4,0,21,12:14:32
94,CHINA,2017,5.273,79.0,0.566555784,11,23,108,4,0,21,12:14:46
95,CHINA,2018,5.246,86.0,0.531025484,11,23,108,4,0,21,12:14:46
96,CHINA,2019,5.191,93.0,0.518966641,11,23,108,4,0,21,12:14:45
97,CHINA,2020,5.124,94.0,0.502270364,11,23,108,4,0,21,12:14:32
98,CHINA,2021,5.339,84.0,,11,23,108,4,0,21,12:14:46
99,CHINA,2022,5.585,72.0,,11,23,108,4,0,21,12:14:45
100,COLOMBIA,2013,6.416,35.0,33.35356924,50,0,22,0,86,3,12:09:26
101,COLOMBIA,2014,,,28.58523319,50,0,22,0,86,3,12:09:26
102,COLOMBIA,2015,6.477,33.0,27.12876441,50,0,22,0,86,3,12:09:26
103,COLOMBIA,2016,6.481,31.0,26.04042243,50,0,22,0,86,3,12:09:25
104,COLOMBIA,2017,6.357,36.0,25.43448835,50,0,22,0,86,3,12:09:26
105,COLOMBIA,2018,6.26,37.0,26.23132516,50,0,22,0,86,3,12:09:26
106,COLOMBIA,2019,6.125,43.0,25.75347264,50,0,22,0,86,3,12:09:26
107,COLOMBIA,2020,6.163,44.0,24.24276338,50,0,22,0,86,3,12:09:25
108,COLOMBIA,2021,6.012,52.0,27.48436513,50,0,22,0,86,3,12:09:26
109,COLOMBIA,2022,5.781,66.0,,50,0,22,0,86,3,12:09:26
110,DENMARK,2013,7.693,1.0,0.853275007,16,8,36,7,0,5,12:22:48
111,DENMARK,2014,,,1.309583274,16,8,36,7,0,5,12:22:47
112,DENMARK,2015,7.527,3.0,1.091973012,16,8,36,7,0,5,12:22:47
113,DENMARK,2016,7.526,1.0,0.981275683,16,8,36,7,0,5,12:22:21
114,DENMARK,2017,7.522,2.0,1.237519248,16,8,36,7,0,5,12:22:48
115,DENMARK,2018,7.555,3.0,1.005776975,16,8,36,7,0,5,12:22:47
116,DENMARK,2019,7.6,2.0,1.138740325,16,8,36,7,0,5,12:22:47
117,DENMARK,2020,7.646,2.0,0.944102117,16,8,36,7,0,5,12:22:21
118,DENMARK,2021,7.62,2.0,0.80283685,16,8,36,7,0,5,12:22:48
119,DENMARK,2022,7.636,2.0,,16,8,36,7,0,5,12:22:47
120,ECUADOR,2013,5.865,49.0,10.97119603,51,0,23,0,82,3,12:09:10
121,ECUADOR,2014,,,8.209051839,51,0,23,0,82,3,12:09:10
122,ECUADOR,2015,5.975,48.0,6.483121471,51,0,23,0,82,3,12:09:09
123,ECUADOR,2016,5.976,51.0,5.83348059,51,0,23,0,82,3,12:09:10
124,ECUADOR,2017,6.008,44.0,5.809446327,51,0,23,0,82,3,12:09:10
125,ECUADOR,2018,5.973,48.0,5.841673659,51,0,23,0,82,3,12:09:10
126,ECUADOR,2019,6.028,50.0,6.843967713,51,0,23,0,82,3,12:09:10
127,ECUADOR,2020,5.925,58.0,7.800509142,51,0,23,0,82,3,12:09:10
128,ECUADOR,2021,5.764,66.0,14.02425488,51,0,23,0,82,3,12:09:10
129,ECUADOR,2022,5.533,76.0,,51,0,23,0,82,3,12:09:10
130,FINLAND,2013,7.389,7.0,1.636368868,27,5,53,7,0,4,12:27:56
131,FINLAND,2014,,,1.611296802,27,5,53,7,0,4,12:27:55
132,FINLAND,2015,7.406,6.0,1.496497557,27,5,53,7,0,4,12:27:55
133,FINLAND,2016,7.413,5.0,1.34662513,27,5,53,7,0,4,12:27:22
134,FINLAND,2017,7.469,5.0,1.216381684,27,5,53,7,0,4,12:27:56
135,FINLAND,2018,7.632,1.0,1.559253161,27,5,53,7,0,4,12:27:55
136,FINLAND,2019,7.769,1.0,1.466982968,27,5,53,7,0,4,12:27:55
137,FINLAND,2020,7.809,1.0,1.645727943,27,5,53,7,0,4,12:27:22
138,FINLAND,2021,7.842,1.0,,27,5,53,7,0,4,12:27:55
139,FINLAND,2022,7.821,1.0,,27,5,53,7,0,4,12:27:55
140,FRANCE,2013,6.764,25.0,1.226806334,47,6,50,7,1,22,12:18:16
141,FRANCE,2014,,,1.245508405,47,6,50,7,1,22,12:18:15
142,FRANCE,2015,6.575,29.0,1.585964055,47,6,50,7,1,22,12:18:15
143,FRANCE,2016,6.478,32.0,1.217390681,47,6,50,7,1,22,12:17:56
144,FRANCE,2017,6.442,31.0,1.106883017,47,6,50,7,1,22,12:18:16
145,FRANCE,2018,6.489,23.0,1.082799845,47,6,50,7,1,22,12:18:15
146,FRANCE,2019,6.592,24.0,1.169259043,47,6,50,7,1,22,12:18:15
147,FRANCE,2020,6.664,23.0,1.07320011,47,6,50,7,1,22,12:17:56
148,FRANCE,2021,6.69,21.0,1.137429995,47,6,50,7,1,22,12:18:16
149,FRANCE,2022,6.687,20.0,,47,6,50,7,1,22,12:18:15
150,GERMANY,2013,6.672,26.0,0.834959673,41,18,33,3,2,12,12:20:24
152,GERMANY,2014,,,0.874676616,41,18,33,3,2,12,12:20:23
154,GERMANY,2015,6.75,26.0,0.830965265,41,18,33,3,2,12,12:20:23
156,GERMANY,2016,6.994,16.0,1.169662774,41,18,33,3,2,12,12:20:01
158,GERMANY,2017,6.951,16.0,0.983971146,41,18,33,3,2,12,12:20:24
160,GERMANY,2018,6.965,15.0,0.950580714,41,18,33,3,2,12,12:20:23
162,GERMANY,2019,6.985,17.0,0.749265098,41,18,33,3,2,12,12:20:23
164,GERMANY,2020,7.076,17.0,0.93844894,41,18,33,3,2,12,12:20:01
166,GERMANY,2021,7.155,13.0,0.833247865,41,18,33,3,2,12,12:20:23
168,GERMANY,2022,7.034,14.0,,41,18,33,3,2,12,12:20:23
170,GREECE,2013,5.435,70.0,1.401804232,47,0,10,0,0,10,12:14:12
171,GREECE,2014,,,0.984997793,47,0,10,0,0,10,12:14:12
172,GREECE,2015,4.857,102.0,0.860581933,47,0,10,0,0,10,12:14:12
173,GREECE,2016,5.033,99.0,0.781414103,47,0,10,0,0,10,12:13:59
174,GREECE,2017,5.227,87.0,0.804322504,47,0,10,0,0,10,12:14:12
175,GREECE,2018,5.358,79.0,0.931039984,47,0,10,0,0,10,12:14:12
176,GREECE,2019,5.287,82.0,0.737656733,47,0,10,0,0,10,12:14:12
177,GREECE,2020,5.515,77.0,0.741992757,47,0,10,0,0,10,12:13:59
178,GREECE,2021,5.723,68.0,0.852052561,47,0,10,0,0,10,12:14:12
179,GREECE,2022,5.948,58.0,,47,0,10,0,0,10,12:14:12
180,GUATEMALA,2013,5.965,47.0,33.42484045,42,0,17,0,71,24,12:10:15
181,GUATEMALA,2014,,,33.42934273,42,0,17,0,71,24,12:10:14
182,GUATEMALA,2015,6.123,43.0,,42,0,17,0,71,24,12:10:14
183,GUATEMALA,2016,6.324,39.0,,42,0,17,0,71,24,12:10:11
184,GUATEMALA,2017,6.454,29.0,32.78298335,42,0,17,0,71,24,12:10:15
185,GUATEMALA,2018,6.382,30.0,28.89584147,42,0,17,0,71,24,12:10:14
186,GUATEMALA,2019,6.436,27.0,25.64546619,42,0,17,0,71,24,12:10:14
187,GUATEMALA,2020,6.399,29.0,18.96016456,42,0,17,0,71,24,12:10:10
188,GUATEMALA,2021,6.435,30.0,19.9903643,42,0,17,0,71,24,12:10:15
189,GUATEMALA,2022,6.262,39.0,,42,0,17,0,71,24,12:10:14
190,HONDURAS,2013,5.142,84.0,71.76929102,50,0,17,0,86,7,12:10:11
191,HONDURAS,2014,,,64.53877155,50,0,17,0,86,7,12:10:11
192,HONDURAS,2015,4.788,105.0,55.38756204,50,0,17,0,86,7,12:10:11
193,HONDURAS,2016,4.871,104.0,54.43515729,50,0,17,0,86,7,12:10:08
194,HONDURAS,2017,5.181,91.0,40.13777311,50,0,17,0,86,7,12:10:11
195,HONDURAS,2018,5.504,72.0,38.09922546,50,0,17,0,86,7,12:10:11
196,HONDURAS,2019,5.86,59.0,41.1092509,50,0,17,0,86,7,12:10:11
197,HONDURAS,2020,5.953,56.0,35.79415957,50,0,17,0,86,7,12:10:07
198,HONDURAS,2021,5.919,59.0,38.34274689,50,0,17,0,86,7,12:10:11
199,HONDURAS,2022,6.022,55.0,,50,0,17,0,86,7,12:10:11
200,HUNGARY,2013,4.775,110.0,1.55639829,18,21,33,9,2,8,12:17:36
201,HUNGARY,2014,,,1.479544637,18,21,33,9,2,8,12:17:36
202,HUNGARY,2015,4.8,104.0,2.244966247,18,21,33,9,2,8,12:17:36
203,HUNGARY,2016,5.145,91.0,2.058052464,18,21,33,9,2,8,12:17:18
204,HUNGARY,2017,5.324,75.0,1.634497542,18,21,33,9,2,8,12:17:36
205,HUNGARY,2018,5.62,69.0,0.879673232,18,21,33,9,2,8,12:17:36
206,HUNGARY,2019,5.758,62.0,0.654946166,18,21,33,9,2,8,12:17:35
207,HUNGARY,2020,6.0,53.0,0.820464645,18,21,33,9,2,8,12:17:18
208,HUNGARY,2021,5.992,53.0,0.772416611,18,21,33,9,2,8,12:17:36
209,HUNGARY,2022,6.086,51.0,,18,21,33,9,2,8,12:17:36
210,ICELAND,2013,7.355,9.0,0.308618638,22,4,47,11,2,38,12:37:08
211,ICELAND,2014,,,0.305209778,22,4,47,11,2,38,12:37:07
212,ICELAND,2015,7.561,2.0,0.906181517,22,4,47,11,2,38,12:37:07
213,ICELAND,2016,7.501,3.0,0.297907646,22,4,47,11,2,38,12:36:22
214,ICELAND,2017,7.504,3.0,0.873026959,22,4,47,11,2,38,12:37:07
215,ICELAND,2018,7.494,4.0,0.849988383,22,4,47,11,2,38,12:37:07
216,ICELAND,2019,7.554,4.0,0.277181453,22,4,47,11,2,38,12:37:06
217,ICELAND,2020,7.504,4.0,1.363627686,22,4,47,11,2,38,12:36:21
218,ICELAND,2021,7.554,4.0,0.540051575,22,4,47,11,2,38,12:37:07
219,ICELAND,2022,7.557,3.0,,22,4,47,11,2,38,12:37:07
220,INDIA,2013,4.772,111.0,3.55331583,25,1,39,0,0,55,12:12:09
221,INDIA,2014,,,3.62257613,25,1,39,0,0,55,12:12:09
222,INDIA,2015,4.565,117.0,3.354306716,25,1,39,0,0,55,12:12:08
223,INDIA,2016,4.404,118.0,3.161426203,25,1,39,0,0,55,12:12:00
224,INDIA,2017,4.315,122.0,3.028882799,25,1,39,0,0,55,12:12:09
225,INDIA,2018,4.19,133.0,2.993783858,25,1,39,0,0,55,12:12:09
226,INDIA,2019,4.015,140.0,2.92666093,25,1,39,0,0,55,12:12:08
227,INDIA,2020,3.573,144.0,2.911155454,25,1,39,0,0,55,12:12:00
228,INDIA,2021,3.819,139.0,2.936278893,25,1,39,0,0,55,12:12:09
229,INDIA,2022,3.777,136.0,,25,1,39,0,0,55,12:12:08
230,INDONESIA,2013,5.348,76.0,,5,0,32,0,0,19,12:08:56
231,INDONESIA,2013,5.348,76.0,,2,0,27,0,0,21,12:08:56
232,INDONESIA,2014,,,,5,0,32,0,0,19,12:08:56
233,INDONESIA,2014,,,,2,0,27,0,0,21,12:08:56
234,INDONESIA,2015,5.399,74.0,,5,0,32,0,0,19,12:08:56
235,INDONESIA,2015,5.399,74.0,,2,0,27,0,0,21,12:08:56
236,INDONESIA,2016,5.314,79.0,,5,0,32,0,0,19,12:08:58
237,INDONESIA,2016,5.314,79.0,,2,0,27,0,0,21,12:08:58
238,INDONESIA,2017,5.262,81.0,,5,0,32,0,0,19,12:08:56
239,INDONESIA,2017,5.262,81.0,,2,0,27,0,0,21,12:08:56
240,INDONESIA,2018,5.093,96.0,,5,0,32,0,0,19,12:08:56
241,INDONESIA,2018,5.093,96.0,,2,0,27,0,0,21,12:08:56
242,INDONESIA,2019,5.192,92.0,,5,0,32,0,0,19,12:08:56
243,INDONESIA,2019,5.192,92.0,,2,0,27,0,0,21,12:08:56
244,INDONESIA,2020,5.286,84.0,,5,0,32,0,0,19,12:08:58
245,INDONESIA,2020,5.286,84.0,,2,0,27,0,0,21,12:08:58
246,INDONESIA,2021,5.345,82.0,,5,0,32,0,0,19,12:08:56
247,INDONESIA,2021,5.345,82.0,,2,0,27,0,0,21,12:08:56
248,INDONESIA,2022,5.24,87.0,,5,0,32,0,0,19,12:08:56
249,INDONESIA,2022,5.24,87.0,,2,0,27,0,0,21,12:08:56
250,IRELAND,2013,7.076,18.0,1.111393923,24,31,79,9,0,10,12:20:57
251,IRELAND,2014,,,,24,31,79,9,0,10,12:20:57
252,IRELAND,2015,6.94,18.0,0.664414801,24,31,79,9,0,10,12:20:56
253,IRELAND,2016,6.907,19.0,0.720982445,24,31,79,9,0,10,12:20:33
254,IRELAND,2017,6.977,15.0,0.817292484,24,31,79,9,0,10,12:20:57
255,IRELAND,2018,6.977,14.0,0.806700663,24,31,79,9,0,10,12:20:57
256,IRELAND,2019,7.021,16.0,0.653592235,24,31,79,9,0,10,12:20:56
257,IRELAND,2020,7.094,16.0,0.66718977,24,31,79,9,0,10,12:20:33
258,IRELAND,2021,7.085,15.0,0.441188916,24,31,79,9,0,10,12:20:57
259,IRELAND,2022,7.041,13.0,,24,31,79,9,0,10,12:20:56
260,ISRAEL,2013,7.301,11.0,1.643656341,11,0,25,5,0,8,12:12:44
262,ISRAEL,2014,,,1.373373705,11,0,25,5,0,8,12:12:44
264,ISRAEL,2015,7.278,11.0,1.373664455,11,0,25,5,0,8,12:12:44
266,ISRAEL,2016,7.267,11.0,1.274664607,11,0,25,5,0,8,12:12:34
268,ISRAEL,2017,7.213,11.0,1.480276756,11,0,25,5,0,8,12:12:45
270,ISRAEL,2018,7.19,11.0,1.371728649,11,0,25,5,0,8,12:12:45
272,ISRAEL,2019,7.139,13.0,1.53347159,11,0,25,5,0,8,12:12:44
274,ISRAEL,2020,7.129,14.0,1.427349699,11,0,25,5,0,8,12:12:35
276,ISRAEL,2021,7.157,12.0,1.943807339,11,0,25,5,0,8,12:12:44
278,ISRAEL,2022,7.364,9.0,,11,0,25,5,0,8,12:12:44
280,ITALY,2013,6.021,45.0,0.832330233,47,7,35,2,0,9,12:15:24
281,ITALY,2014,,,0.787430403,47,7,35,2,0,9,12:15:23
282,ITALY,2015,5.948,50.0,0.778644152,47,7,35,2,0,9,12:15:23
283,ITALY,2016,5.977,50.0,0.672004707,47,7,35,2,0,9,12:15:09
284,ITALY,2017,5.964,48.0,0.626624557,47,7,35,2,0,9,12:15:24
285,ITALY,2018,6.0,47.0,0.599558176,47,7,35,2,0,9,12:15:24
286,ITALY,2019,6.223,36.0,0.530739956,47,7,35,2,0,9,12:15:23
287,ITALY,2020,6.387,30.0,0.47898694,47,7,35,2,0,9,12:15:09
288,ITALY,2021,6.483,28.0,0.511475886,47,7,35,2,0,9,12:15:24
289,ITALY,2022,6.467,31.0,,47,7,35,2,0,9,12:15:24
290,JAPAN,2013,6.064,43.0,0.28978941,0,1,63,16,0,17,12:13:37
291,JAPAN,2014,,,0.309860462,0,1,63,16,0,17,12:13:37
292,JAPAN,2015,5.987,46.0,0.285263134,0,1,63,16,0,17,12:13:36
293,JAPAN,2016,5.921,53.0,0.285053157,0,1,63,16,0,17,12:13:25
294,JAPAN,2017,5.92,51.0,0.241586948,0,1,63,16,0,17,12:13:37
295,JAPAN,2018,5.915,54.0,0.264542164,0,1,63,16,0,17,12:13:37
296,JAPAN,2019,5.886,58.0,0.253593885,0,1,63,16,0,17,12:13:37
297,JAPAN,2020,5.871,62.0,0.253902837,0,1,63,16,0,17,12:13:25
298,JAPAN,2021,5.94,56.0,0.228708942,0,1,63,16,0,17,12:13:37
299,JAPAN,2022,6.039,54.0,,0,1,63,16,0,17,12:13:37
300,LITHUANIA,2013,5.426,71.0,6.538560417,22,18,41,11,0,12,12:21:58
301,LITHUANIA,2014,,,5.308976595,22,18,41,11,0,12,12:21:58
302,LITHUANIA,2015,5.833,56.0,5.803430063,22,18,41,11,0,12,12:21:57
303,LITHUANIA,2016,5.813,60.0,5.215304293,22,18,41,11,0,12,12:21:33
304,LITHUANIA,2017,5.902,52.0,3.442992649,22,18,41,11,0,12,12:21:58
305,LITHUANIA,2018,5.952,50.0,3.198745535,22,18,41,11,0,12,12:21:58
306,LITHUANIA,2019,6.149,42.0,3.299307181,22,18,41,11,0,12,12:21:57
307,LITHUANIA,2020,6.215,41.0,3.581221846,22,18,41,11,0,12,12:21:33
308,LITHUANIA,2021,6.255,38.0,2.583747047,22,18,41,11,0,12,12:21:58
309,LITHUANIA,2022,6.446,34.0,,22,18,41,11,0,12,12:21:57
310,MALAYSIA,2013,5.76,56.0,2.080650424,9,2,59,3,0,12,12:09:20
311,MALAYSIA,2014,,,1.666314971,9,2,59,3,0,12,12:09:20
312,MALAYSIA,2015,5.77,61.0,1.602892545,9,2,59,3,0,12,12:09:20
313,MALAYSIA,2016,6.005,47.0,1.446405995,9,2,59,3,0,12,12:09:20
314,MALAYSIA,2017,6.084,42.0,1.185271139,9,2,59,3,0,12,12:09:20
315,MALAYSIA,2018,6.322,35.0,0.996935996,9,2,59,3,0,12,12:09:21
316,MALAYSIA,2019,5.339,80.0,0.945006145,9,2,59,3,0,12,12:09:20
317,MALAYSIA,2020,5.384,82.0,0.762048353,9,2,59,3,0,12,12:09:20
318,MALAYSIA,2021,5.384,81.0,0.723777076,9,2,59,3,0,12,12:09:20
319,MALAYSIA,2022,5.711,70.0,,9,2,59,3,0,12,12:09:21
320,MEXICO,2013,7.088,16.0,19.66311298,38,0,18,2,57,43,12:10:47
321,MEXICO,2014,,,16.84969093,38,0,18,2,57,43,12:10:46
322,MEXICO,2015,7.187,14.0,17.2800814,38,0,18,2,57,43,12:10:46
323,MEXICO,2016,6.778,21.0,20.20997147,38,0,18,2,57,43,12:10:41
324,MEXICO,2017,6.578,25.0,26.11461568,38,0,18,2,57,43,12:10:47
325,MEXICO,2018,6.488,24.0,29.58137063,38,0,18,2,57,43,12:10:47
326,MEXICO,2019,6.595,23.0,29.30879721,38,0,18,2,57,43,12:10:46
327,MEXICO,2020,6.465,24.0,29.18531406,38,0,18,2,57,43,12:10:41
328,MEXICO,2021,6.317,36.0,28.17565299,38,0,18,2,57,43,12:10:46
329,MEXICO,2022,6.128,46.0,,38,0,18,2,57,43,12:10:46
330,MONGOLIA,2013,4.834,102.0,7.310677614,108,0,113,16,0,17,12:17:48
331,MONGOLIA,2014,,,7.337685994,108,0,113,16,0,17,12:17:47
332,MONGOLIA,2015,4.874,100.0,7.218150207,108,0,113,16,0,17,12:17:47
333,MONGOLIA,2016,4.907,101.0,6.073500246,108,0,113,16,0,17,12:17:29
334,MONGOLIA,2017,4.955,100.0,6.169191863,108,0,113,16,0,17,12:17:47
335,MONGOLIA,2018,5.125,94.0,6.194707886,108,0,113,16,0,17,12:17:47
336,MONGOLIA,2019,5.285,83.0,6.341978998,108,0,113,16,0,17,12:17:47
337,MONGOLIA,2020,5.456,81.0,6.222803692,108,0,113,16,0,17,12:17:29
338,MONGOLIA,2021,5.677,70.0,6.153326866,108,0,113,16,0,17,12:17:47
339,MONGOLIA,2022,5.761,68.0,,108,0,113,16,0,17,12:17:47
340,MOROCCO,2013,4.885,99.0,1.269098321,52,1,40,2,0,16,12:13:14
341,MOROCCO,2014,,,1.036538614,52,1,40,2,0,16,12:13:13
342,MOROCCO,2015,5.013,92.0,1.242774821,52,1,40,2,0,16,12:13:13
343,MOROCCO,2016,5.151,90.0,1.691957563,52,1,40,2,0,16,12:13:03
344,MOROCCO,2017,5.235,84.0,2.141965626,52,1,40,2,0,16,12:13:14
345,MOROCCO,2018,5.254,85.0,1.419524999,52,1,40,2,0,16,12:13:13
346,MOROCCO,2019,5.208,89.0,1.727063029,52,1,40,2,0,16,12:13:13
347,MOROCCO,2020,5.095,97.0,1.248338337,52,1,40,2,0,16,12:13:03
348,MOROCCO,2021,4.918,106.0,1.931137967,52,1,40,2,0,16,12:13:14
349,MOROCCO,2022,5.06,100.0,,52,1,40,2,0,16,12:13:13
350,NETHERLANDS,2013,7.512,4.0,0.741076608,13,39,63,7,0,12,12:20:18
351,NETHERLANDS,2014,,,0.725489043,13,39,63,7,0,12,12:20:17
352,NETHERLANDS,2015,7.378,7.0,0.610288973,13,39,63,7,0,12,12:20:17
353,NETHERLANDS,2016,7.339,7.0,0.548920976,13,39,63,7,0,12,12:19:55
354,NETHERLANDS,2017,7.377,6.0,0.767120829,13,39,63,7,0,12,12:20:18
355,NETHERLANDS,2018,7.441,6.0,0.578501412,13,39,63,7,0,12,12:20:17
356,NETHERLANDS,2019,7.488,5.0,0.627762244,13,39,63,7,0,12,12:20:17
357,NETHERLANDS,2020,7.449,6.0,0.613723635,13,39,63,7,0,12,12:19:55
358,NETHERLANDS,2021,7.464,5.0,0.651365463,13,39,63,7,0,12,12:20:17
359,NETHERLANDS,2022,7.415,5.0,,13,39,63,7,0,12,12:20:17
360,NICARAGUA,2013,5.507,65.0,9.706867314,51,0,15,0,83,7,12:10:00
361,NICARAGUA,2014,,,8.455909799,51,0,15,0,83,7,12:10:00
362,NICARAGUA,2015,5.828,57.0,8.319311694,51,0,15,0,83,7,12:10:00
363,NICARAGUA,2016,5.992,48.0,7.090050687,51,0,15,0,83,7,12:09:57
364,NICARAGUA,2017,6.071,43.0,6.650689068,51,0,15,0,83,7,12:10:00
365,NICARAGUA,2018,6.141,41.0,10.37699138,51,0,15,0,83,7,12:10:00
366,NICARAGUA,2019,6.105,45.0,7.728179373,51,0,15,0,83,7,12:10:00
367,NICARAGUA,2020,6.137,46.0,,51,0,15,0,83,7,12:09:57
368,NICARAGUA,2021,5.972,55.0,11.00643161,51,0,15,0,83,7,12:10:00
369,NICARAGUA,2022,6.165,45.0,,51,0,15,0,83,7,12:10:00
370,NORWAY,2013,7.655,2.0,0.905392666,13,18,44,5,0,12,12:27:33
371,NORWAY,2014,,,0.564430358,13,18,44,5,0,12,12:27:33
372,NORWAY,2015,7.522,4.0,0.462395984,13,18,44,5,0,12,12:27:32
373,NORWAY,2016,7.498,4.0,0.51560276,13,18,44,5,0,12,12:26:59
374,NORWAY,2017,7.537,1.0,0.530565047,13,18,44,5,0,12,12:27:33
375,NORWAY,2018,7.594,2.0,0.47060418,13,18,44,5,0,12,12:27:32
376,NORWAY,2019,7.554,3.0,0.523532946,13,18,44,5,0,12,12:27:32
377,NORWAY,2020,7.488,5.0,0.576225422,13,18,44,5,0,12,12:26:59
378,NORWAY,2021,7.392,6.0,0.536736763,13,18,44,5,0,12,12:27:33
379,NORWAY,2022,7.365,8.0,,13,18,44,5,0,12,12:27:32
380,PAKISTAN,2013,5.292,81.0,6.78736022,32,1,39,1,0,28,12:13:09
381,PAKISTAN,2014,,,6.374980191,32,1,39,1,0,28,12:13:09
382,PAKISTAN,2015,5.194,81.0,4.496388854,32,1,39,1,0,28,12:13:09
383,PAKISTAN,2016,5.132,92.0,3.988294767,32,1,39,1,0,28,12:12:58
384,PAKISTAN,2017,5.269,80.0,3.805810671,32,1,39,1,0,28,12:13:09
385,PAKISTAN,2018,5.472,75.0,3.750486739,32,1,39,1,0,28,12:13:09
386,PAKISTAN,2019,5.653,67.0,3.651251851,32,1,39,1,0,28,12:13:09
387,PAKISTAN,2020,5.693,66.0,3.736849385,32,1,39,1,0,28,12:12:58
388,PAKISTAN,2021,4.934,105.0,3.978788154,32,1,39,1,0,28,12:13:09
389,PAKISTAN,2022,4.516,121.0,,32,1,39,1,0,28,12:13:09
390,PANAMA,2013,7.143,15.0,17.3489542,50,0,20,0,73,4,12:09:45
391,PANAMA,2014,,,15.53181354,50,0,20,0,73,4,12:09:45
392,PANAMA,2015,6.786,25.0,11.9026605,50,0,20,0,73,4,12:09:44
393,PANAMA,2016,6.701,25.0,10.05877179,50,0,20,0,73,4,12:09:42
394,PANAMA,2017,6.452,30.0,9.228373685,50,0,20,0,73,4,12:09:45
395,PANAMA,2018,6.43,27.0,9.627262872,50,0,20,0,73,4,12:09:45
396,PANAMA,2019,6.321,31.0,11.34072938,50,0,20,0,73,4,12:09:44
397,PANAMA,2020,6.305,36.0,11.64307953,50,0,20,0,73,4,12:09:42
398,PANAMA,2021,6.18,41.0,12.73192383,50,0,20,0,73,4,12:09:45
399,PANAMA,2022,6.309,37.0,,50,0,20,0,73,4,12:09:45
400,PARAGUAY,2013,5.779,54.0,10.05719279,55,0,22,0,66,6,12:08:55
402,PARAGUAY,2014,,,9.489845291,55,0,22,0,66,6,12:08:55
404,PARAGUAY,2015,5.878,53.0,9.987131654,55,0,22,0,66,6,12:08:55
406,PARAGUAY,2016,5.538,70.0,10.67561908,55,0,22,0,66,6,12:09:03
408,PARAGUAY,2017,5.493,70.0,8.512440751,55,0,22,0,66,6,12:08:55
410,PARAGUAY,2018,5.681,64.0,7.713405246,55,0,22,0,66,6,12:08:55
412,PARAGUAY,2019,5.743,63.0,8.483885938,55,0,22,0,66,6,12:08:56
414,PARAGUAY,2020,5.692,67.0,7.267293628,55,0,22,0,66,6,12:09:03
416,PARAGUAY,2021,5.653,71.0,7.831380386,55,0,22,0,66,6,12:08:55
418,PARAGUAY,2022,5.578,73.0,,55,0,22,0,66,6,12:08:55
420,PERU,2013,5.776,55.0,6.701330935,52,0,25,2,72,8,12:08:48
421,PERU,2014,,,6.839307232,52,0,25,2,72,8,12:08:48
422,PERU,2015,5.824,58.0,7.316391064,52,0,25,2,72,8,12:08:48
423,PERU,2016,5.743,64.0,7.821338529,52,0,25,2,72,8,12:08:52
424,PERU,2017,5.715,63.0,7.868886942,52,0,25,2,72,8,12:08:48
425,PERU,2018,5.663,65.0,7.613974239,52,0,25,2,72,8,12:08:48
426,PERU,2019,5.697,65.0,7.265834382,52,0,25,2,72,8,12:08:48
427,PERU,2020,5.797,63.0,5.71389864,52,0,25,2,72,8,12:08:52
428,PERU,2021,5.84,63.0,,52,0,25,2,72,8,12:08:48
429,PERU,2022,5.559,74.0,,52,0,25,2,72,8,12:08:48
430,PHILIPPINES,2013,4.985,92.0,,21,0,35,3,0,19,12:10:14
431,PHILIPPINES,2013,4.985,92.0,,24,2,37,0,0,23,12:10:14
432,PHILIPPINES,2014,,,,21,0,35,3,0,19,12:10:14
433,PHILIPPINES,2014,,,,24,2,37,0,0,23,12:10:14
434,PHILIPPINES,2015,5.073,90.0,,21,0,35,3,0,19,12:10:14
435,PHILIPPINES,2015,5.073,90.0,,24,2,37,0,0,23,12:10:14
436,PHILIPPINES,2016,5.279,82.0,10.63644496,21,0,35,3,0,19,12:10:10
437,PHILIPPINES,2016,5.279,82.0,10.63644496,24,2,37,0,0,23,12:10:10
438,PHILIPPINES,2017,5.43,72.0,7.746033422,21,0,35,3,0,19,12:10:14
439,PHILIPPINES,2017,5.43,72.0,7.746033422,24,2,37,0,0,23,12:10:14
440,PHILIPPINES,2018,5.524,71.0,5.204992711,21,0,35,3,0,19,12:10:14
441,PHILIPPINES,2018,5.524,71.0,5.204992711,24,2,37,0,0,23,12:10:14
442,PHILIPPINES,2019,5.631,69.0,4.315967818,21,0,35,3,0,19,12:10:14
443,PHILIPPINES,2019,5.631,69.0,4.315967818,24,2,37,0,0,23,12:10:14
444,PHILIPPINES,2020,6.006,52.0,,21,0,35,3,0,19,12:10:10
445,PHILIPPINES,2020,6.006,52.0,,24,2,37,0,0,23,12:10:10
446,PHILIPPINES,2021,5.88,61.0,,21,0,35,3,0,19,12:10:14
447,PHILIPPINES,2021,5.88,61.0,,24,2,37,0,0,23,12:10:14
448,PHILIPPINES,2022,5.904,60.0,,21,0,35,3,0,19,12:10:14
449,PHILIPPINES,2022,5.904,60.0,,24,2,37,0,0,23,12:10:14
450,POLAND,2013,5.822,51.0,0.790004961,38,9,21,6,0,5,12:20:12
451,POLAND,2014,,,0.743872657,38,9,21,6,0,5,12:20:12
452,POLAND,2015,5.791,60.0,0.772958969,38,9,21,6,0,5,12:20:11
453,POLAND,2016,5.835,58.0,0.674761863,38,9,21,6,0,5,12:19:49
454,POLAND,2017,5.973,46.0,0.744819766,38,9,21,6,0,5,12:20:12
455,POLAND,2018,6.123,42.0,0.708695945,38,9,21,6,0,5,12:20:11
456,POLAND,2019,6.182,40.0,0.657252098,38,9,21,6,0,5,12:20:11
457,POLAND,2020,6.186,43.0,0.692197,38,9,21,6,0,5,12:19:49
458,POLAND,2021,6.166,44.0,0.712649985,38,9,21,6,0,5,12:20:12
459,POLAND,2022,6.123,48.0,,38,9,21,6,0,5,12:20:11
460,PORTUGAL,2013,5.101,85.0,1.376076433,13,7,28,4,0,46,12:14:25
461,PORTUGAL,2014,,,0.883903842,13,7,28,4,0,46,12:14:25
462,PORTUGAL,2015,5.102,88.0,0.9647448,13,7,28,4,0,46,12:14:25
463,PORTUGAL,2016,5.123,94.0,0.63874555,13,7,28,4,0,46,12:14:12
464,PORTUGAL,2017,5.195,89.0,0.737325043,13,7,28,4,0,46,12:14:25
465,PORTUGAL,2018,5.41,77.0,0.787184634,13,7,28,4,0,46,12:14:25
466,PORTUGAL,2019,5.693,66.0,0.709431936,13,7,28,4,0,46,12:14:25
467,PORTUGAL,2020,5.911,59.0,0.786545871,13,7,28,4,0,46,12:14:12
468,PORTUGAL,2021,5.929,58.0,0.796882208,13,7,28,4,0,46,12:14:25
469,PORTUGAL,2022,6.016,56.0,,13,7,28,4,0,46,12:14:25
470,ROMANIA,2013,5.033,90.0,1.08638527,8,7,18,4,0,4,12:16:18
471,ROMANIA,2014,,,1.625338436,8,7,18,4,0,4,12:16:18
472,ROMANIA,2015,5.124,86.0,1.702997361,8,7,18,4,0,4,12:16:18
473,ROMANIA,2016,5.528,71.0,1.54562472,8,7,18,4,0,4,12:16:02
474,ROMANIA,2017,5.825,57.0,1.294491613,8,7,18,4,0,4,12:16:19
475,ROMANIA,2018,5.945,52.0,1.275068939,8,7,18,4,0,4,12:16:18
476,ROMANIA,2019,6.07,48.0,1.249730399,8,7,18,4,0,4,12:16:18
477,ROMANIA,2020,6.124,47.0,1.445321693,8,7,18,4,0,4,12:16:02
478,ROMANIA,2021,6.14,46.0,1.262380643,8,7,18,4,0,4,12:16:18
479,ROMANIA,2022,6.477,28.0,,8,7,18,4,0,4,12:16:18
480,SINGAPORE,2013,6.546,30.0,0.310329151,12,3,60,4,0,9,12:09:14
481,SINGAPORE,2014,,,0.251323871,12,3,60,4,0,9,12:09:14
482,SINGAPORE,2015,6.798,24.0,0.247786821,12,3,60,4,0,9,12:09:14
483,SINGAPORE,2016,6.739,22.0,0.315129747,12,3,60,4,0,9,12:09:14
484,SINGAPORE,2017,6.572,26.0,0.190823572,12,3,60,4,0,9,12:09:14
485,SINGAPORE,2018,6.343,34.0,0.154784479,12,3,60,4,0,9,12:09:14
486,SINGAPORE,2019,6.262,34.0,0.204554578,12,3,60,4,0,9,12:09:14
487,SINGAPORE,2020,6.377,31.0,0.169208474,12,3,60,4,0,9,12:09:14
488,SINGAPORE,2021,6.377,32.0,0.10099207,12,3,60,4,0,9,12:09:14
489,SINGAPORE,2022,6.48,27.0,,12,3,60,4,0,9,12:09:14
490,SPAIN,2013,6.322,38.0,0.648020569,54,0,22,0,38,18,12:14:55
491,SPAIN,2014,,,0.695153602,54,0,22,0,38,18,12:14:55
492,SPAIN,2015,6.329,36.0,0.650422725,54,0,22,0,38,18,12:14:55
493,SPAIN,2016,6.361,37.0,0.632621107,54,0,22,0,38,18,12:14:41
494,SPAIN,2017,6.403,34.0,0.65902216,54,0,22,0,38,18,12:14:55
495,SPAIN,2018,6.31,36.0,0.617626377,54,0,22,0,38,18,12:14:55
496,SPAIN,2019,6.354,30.0,0.702292308,54,0,22,0,38,18,12:14:55
497,SPAIN,2020,6.401,28.0,0.629172397,54,0,22,0,38,18,12:14:41
498,SPAIN,2021,6.491,27.0,0.610694289,54,0,22,0,38,18,12:14:55
499,SPAIN,2022,6.476,29.0,,54,0,22,0,38,18,12:14:55
500,SWEDEN,2013,7.48,5.0,0.901654193,31,17,61,4,0,10,12:26:45
501,SWEDEN,2014,,,0.89253577,31,17,61,4,0,10,12:26:44
502,SWEDEN,2015,7.364,8.0,1.13713105,31,17,61,4,0,10,12:26:43
503,SWEDEN,2016,7.291,10.0,1.064971607,31,17,61,4,0,10,12:26:12
504,SWEDEN,2017,7.284,10.0,1.123462571,31,17,61,4,0,10,12:26:44
505,SWEDEN,2018,7.314,9.0,1.062751752,31,17,61,4,0,10,12:26:44
506,SWEDEN,2019,7.343,7.0,1.081036703,31,17,61,4,0,10,12:26:43
507,SWEDEN,2020,7.353,7.0,1.195875829,31,17,61,4,0,10,12:26:12
508,SWEDEN,2021,7.363,7.0,1.079573448,31,17,61,4,0,10,12:26:44
509,SWEDEN,2022,7.384,7.0,,31,17,61,4,0,10,12:26:44
510,SWITZERLAND,2013,7.65,3.0,0.704715797,39,25,59,6,2,13,12:17:21
511,SWITZERLAND,2014,,,0.500745561,39,25,59,6,2,13,12:17:21
512,SWITZERLAND,2015,7.587,1.0,0.688261827,39,25,59,6,2,13,12:17:20
513,SWITZERLAND,2016,7.509,2.0,0.537448324,39,25,59,6,2,13,12:17:03
514,SWITZERLAND,2017,7.494,4.0,0.53243808,39,25,59,6,2,13,12:17:22
515,SWITZERLAND,2018,7.487,5.0,0.587238095,39,25,59,6,2,13,12:17:21
516,SWITZERLAND,2019,7.48,6.0,0.536406335,39,25,59,6,2,13,12:17:21
517,SWITZERLAND,2020,7.56,3.0,0.544068822,39,25,59,6,2,13,12:17:03
518,SWITZERLAND,2021,7.571,3.0,0.483235941,39,25,59,6,2,13,12:17:21
519,SWITZERLAND,2022,7.512,4.0,,39,25,59,6,2,13,12:17:21
520,THAILAND,2013,6.371,36.0,,7,0,38,4,0,1,12:10:09
521,THAILAND,2014,,,,7,0,38,4,0,1,12:10:09
522,THAILAND,2015,6.455,34.0,,7,0,38,4,0,1,12:10:09
523,THAILAND,2016,6.474,33.0,,7,0,38,4,0,1,12:10:05
524,THAILAND,2017,6.424,32.0,,7,0,38,4,0,1,12:10:09
525,THAILAND,2018,6.072,46.0,,7,0,38,4,0,1,12:10:09
526,THAILAND,2019,6.008,52.0,,7,0,38,4,0,1,12:10:09
527,THAILAND,2020,5.999,54.0,,7,0,38,4,0,1,12:10:05
528,THAILAND,2021,5.985,54.0,,7,0,38,4,0,1,12:10:09
529,THAILAND,2022,5.891,61.0,,7,0,38,4,0,1,12:10:09
530,UKRAINE,2013,5.057,87.0,,23,0,26,8,0,15,12:19:07
531,UKRAINE,2014,,,6.3014869,23,0,26,8,0,15,12:19:07
532,UKRAINE,2015,4.681,111.0,,23,0,26,8,0,15,12:19:06
533,UKRAINE,2016,4.324,123.0,,23,0,26,8,0,15,12:18:46
534,UKRAINE,2017,4.096,132.0,6.160253037,23,0,26,8,0,15,12:19:07
535,UKRAINE,2018,4.103,138.0,4.504245718,23,0,26,8,0,15,12:19:06
536,UKRAINE,2019,4.332,133.0,4.116613761,23,0,26,8,0,15,12:19:06
537,UKRAINE,2020,4.561,123.0,3.867030054,23,0,26,8,0,15,12:18:46
538,UKRAINE,2021,4.875,110.0,3.843200895,23,0,26,8,0,15,12:19:07
539,UKRAINE,2022,5.084,98.0,,23,0,26,8,0,15,12:19:07
540,URUGUAY,2013,6.355,37.0,7.689622012,50,0,30,0,32,5,12:09:28
541,URUGUAY,2014,,,7.901731939,50,0,30,0,32,5,12:09:28
542,URUGUAY,2015,6.485,32.0,8.61051173,50,0,30,0,32,5,12:09:28
543,URUGUAY,2016,6.545,29.0,7.821274217,50,0,30,0,32,5,12:09:40
544,URUGUAY,2017,6.454,28.0,8.26953301,50,0,30,0,32,5,12:09:28
545,URUGUAY,2018,6.379,31.0,12.28464664,50,0,30,0,32,5,12:09:28
546,URUGUAY,2019,6.293,33.0,11.49221279,50,0,30,0,32,5,12:09:28
547,URUGUAY,2020,6.44,26.0,9.856852547,50,0,30,0,32,5,12:09:40
548,URUGUAY,2021,6.431,31.0,8.901835953,50,0,30,0,32,5,12:09:28
549,URUGUAY,2022,6.474,30.0,,50,0,30,0,32,5,12:09:28
